time,loss,left,right,up,down,highest_reward,average_reward,steps,games,step_per_games
0,-1.0407045,1104,895,1242,782,1.7,-0.80002135,4023,1517,2
1,-1.0085542,1228,1242,508,1046,1.7,-0.7773085,4024,1261,3
2,-0.9269815,1245,1070,266,1452,1.6000001,-0.7451509,4033,1153,3
3,-0.8420859,947,904,132,2048,1.5000001,-0.75655955,4031,1093,3
4,-0.6916999,669,643,60,2660,1.5,-0.77274066,4032,1090,3
5,-0.5639013,551,452,38,2983,1.5,-0.7745002,4024,1106,3
6,-0.5683349,582,451,20,2974,1.3000001,-0.7879542,4027,1108,3
7,-0.62439895,763,519,9,2744,1.4000001,-0.77159667,4035,1067,3
8,-0.7261431,971,697,12,2355,1.4000001,-0.76532626,4035,1041,3
9,-0.7473095,1103,824,9,2087,1.4000001,-0.75055766,4023,1008,3
10,-0.7765304,1360,904,8,1754,1.4,-0.75109106,4026,1020,3
11,-0.7343052,1623,847,4,1563,2.4,-0.7233081,4037,991,4
12,-0.734538,1613,898,1,1511,1.5,-0.7291072,4023,979,4
13,-0.71631444,1538,873,3,1617,2.1,-0.7160991,4031,965,4
14,-0.72929496,1457,890,3,1691,2.0,-0.7231864,4041,960,4
15,-0.6910608,1169,845,4,2009,1.7,-0.7258736,4027,922,4
16,-0.6263398,1110,761,0,2161,1.6000001,-0.7024049,4032,920,4
17,-0.6300066,993,752,4,2286,2.5,-0.7159342,4035,937,4
18,-0.6070286,900,728,1,2404,2.4999998,-0.71152914,4033,933,4
19,-0.5712393,981,646,0,2402,1.4000001,-0.71052325,4029,923,4
20,-0.5910555,1152,646,0,2236,1.4000001,-0.7045611,4034,903,4
21,-0.57029366,1117,726,0,2191,1.5000001,-0.68254787,4034,877,4
22,-0.60075253,1177,944,0,1915,2.3,-0.67222404,4036,839,4
23,-0.6005595,1354,1010,0,1683,2.5,-0.6658511,4047,845,4
24,-0.57591414,1432,1097,0,1505,1.8000002,-0.6567923,4034,812,4
25,-0.57704383,1505,1138,1,1386,1.8000001,-0.6474199,4030,813,4
26,-0.5526981,1503,1167,0,1364,1.7000002,-0.6595437,4034,814,4
27,-0.5324596,1468,1134,2,1428,1.8000002,-0.6269352,4032,772,5
28,-0.49588737,1623,813,1,1591,2.4,-0.6302389,4028,774,5
29,-0.47104147,1548,783,0,1711,2.5,-0.6152406,4042,755,5
30,-0.45186433,1455,733,1,1850,2.6000001,-0.62998265,4039,744,5
31,-0.41668546,1474,759,0,1806,1.7000002,-0.6347613,4039,733,5
32,-0.3792561,1540,772,0,1727,2.1,-0.5821004,4039,692,5
33,-0.38596454,1564,886,0,1597,2.1999998,-0.6079078,4047,685,5
34,-0.35507223,1641,938,0,1452,2.7000003,-0.5710503,4031,669,6
35,-0.3202951,1652,964,0,1420,2.6,-0.5573355,4036,635,6
36,-0.34094757,1692,998,0,1352,2.4,-0.5867893,4042,669,6
37,-0.3282465,1706,996,0,1327,1.7,-0.5908173,4029,646,6
38,-0.29676092,1833,929,0,1276,2.8000002,-0.55951107,4038,635,6
39,-0.29132375,1871,899,0,1274,2.6999993,-0.5596207,4044,633,6
40,-0.29128712,1945,787,0,1309,1.7000002,-0.564688,4041,634,6
41,-0.25397077,1998,738,0,1308,3.4999995,-0.5385774,4044,631,6
42,-0.2381976,1968,672,0,1412,2.1999998,-0.55863905,4052,614,6
43,-0.22478816,1851,645,1,1541,1.8000001,-0.5487138,4038,605,6
44,-0.2013755,1875,645,0,1524,2.6000001,-0.54159397,4044,602,6
45,-0.20102195,1761,705,0,1574,1.7,-0.5634912,4040,591,6
46,-0.20229803,1795,686,0,1554,1.8000001,-0.56109154,4035,595,6
47,-0.184262,1809,754,1,1478,1.7000002,-0.51880467,4042,580,6
48,-0.1820068,1814,819,0,1410,3.3,-0.52189136,4043,572,7
49,-0.18953991,1823,795,0,1419,2.7,-0.53752905,4037,575,7
50,-0.20428194,1858,830,0,1342,2.6,-0.53600633,4030,582,6
51,-0.17292997,1843,806,0,1379,1.8000002,-0.51065224,4028,565,7
52,-0.170857,1808,834,0,1391,2.5,-0.51691204,4033,562,7
53,-0.14466412,1884,735,0,1424,3.4999995,-0.49216124,4043,562,7
54,-0.15033154,1843,756,0,1451,2.3999999,-0.4907672,4050,548,7
55,-0.15798011,1871,779,0,1392,1.8000002,-0.51066464,4042,556,7
56,-0.15463756,1921,800,0,1325,2.6000001,-0.4951576,4046,547,7
57,-0.15671991,1963,793,0,1294,1.8000002,-0.49965626,4050,556,7
58,-0.14462559,1946,809,0,1277,1.8000002,-0.4642131,4032,541,7
59,-0.14154041,1925,811,0,1306,2.6999998,-0.47889844,4042,545,7
60,-0.12938592,1889,809,0,1344,2.6999998,-0.46979383,4042,534,7
61,-0.11215788,1814,815,0,1402,1.8000002,-0.4952885,4031,535,7
62,-0.1005712,1810,785,0,1460,2.6999998,-0.46596962,4055,527,7
63,-0.085546255,1812,746,0,1487,3.2999997,-0.49911186,4045,547,7
64,-0.08230466,1806,738,0,1514,1.7,-0.49583718,4058,544,7
65,-0.08211165,1819,756,0,1474,2.6999998,-0.4782434,4049,534,7
66,-0.092017554,1844,763,0,1442,2.6999998,-0.45927572,4049,538,7
67,-0.10106005,1846,796,0,1400,2.6999998,-0.47733963,4042,528,7
68,-0.09271008,1902,777,0,1373,1.8000002,-0.4637973,4052,532,7
69,-0.10904541,1918,803,0,1332,2.2,-0.46121567,4053,527,7
70,-0.13233829,1965,838,0,1250,2.3000002,-0.45892105,4053,544,7
71,-0.13145871,1951,834,0,1262,2.5,-0.46367866,4047,529,7
72,-0.121686876,1920,873,0,1248,2.5,-0.42071417,4041,519,7
73,-0.10281273,1925,859,0,1258,2.6999998,-0.4407486,4042,509,7
74,-0.110951476,1887,862,0,1293,2.2999997,-0.46942267,4042,512,7
75,-0.10847443,1910,858,0,1283,2.7,-0.48775786,4051,524,7
76,-0.10854706,1882,868,0,1291,2.5,-0.46872228,4041,505,8
77,-0.103893116,1914,842,0,1281,2.6,-0.4575193,4037,517,7
78,-0.105071805,1866,865,1,1301,2.6,-0.44736084,4033,509,7
79,-0.10222469,1885,864,0,1302,1.8000002,-0.435474,4051,501,8
80,-0.10698115,1880,898,0,1284,2.6,-0.43215322,4062,514,7
81,-0.09231168,1866,891,0,1272,2.7000003,-0.425144,4029,498,8
82,-0.11339572,1859,951,0,1233,2.0,-0.4642113,4043,518,7
83,-0.11202933,1854,945,0,1242,2.2,-0.44080806,4041,510,7
84,-0.10117567,1805,972,0,1270,2.6999998,-0.43222284,4047,503,8
85,-0.11264832,1833,954,0,1244,1.8000002,-0.47407764,4031,521,7
86,-0.112558916,1824,986,0,1239,2.3,-0.45132262,4049,521,7
87,-0.106371954,1811,995,0,1254,1.8000002,-0.45578954,4060,507,8
88,-0.11572887,1805,970,1,1264,2.4,-0.46015048,4040,511,7
89,-0.09965694,1823,933,0,1299,2.7,-0.41573524,4055,505,8
90,-0.098370336,1829,913,0,1319,1.8000002,-0.42698961,4061,510,7
91,-0.10178536,1831,928,0,1270,2.6999998,-0.4649059,4029,507,7
92,-0.099460356,1872,907,0,1270,2.6000001,-0.4160051,4049,505,8
93,-0.09717181,1853,908,0,1296,2.6999998,-0.4065334,4057,509,7
94,-0.08450333,1863,827,0,1353,2.6999993,-0.41377836,4043,510,7
95,-0.07023025,1825,841,0,1394,2.6999998,-0.40642995,4060,497,8
96,-0.060029972,1821,822,0,1395,2.7000003,-0.43826285,4038,511,7
97,-0.085728906,1829,812,0,1399,2.6000001,-0.4487888,4040,510,7
98,-0.07759088,1838,826,0,1378,2.5,-0.4324111,4042,515,7
99,-0.05967543,1824,802,0,1430,1.8000002,-0.46479425,4056,514,7
100,-0.07040491,1773,834,0,1436,2.5,-0.43863612,4043,511,7
101,-0.07003064,1808,839,0,1402,2.3000002,-0.44756868,4049,509,7
102,-0.070335604,1802,859,0,1384,1.8000002,-0.44998923,4045,508,7
103,-0.0868151,1789,899,0,1356,2.0,-0.43395275,4044,499,8
104,-0.077052675,1831,832,0,1390,2.7,-0.45719358,4053,513,7
105,-0.09450285,1803,853,0,1380,2.6999998,-0.4149172,4036,502,8
106,-0.090205945,1856,850,0,1334,2.5,-0.45143694,4040,511,7
107,-0.09755546,1858,885,0,1320,2.5,-0.44752792,4063,512,7
108,-0.09176998,1826,887,0,1334,2.6999996,-0.43059215,4047,508,7
109,-0.08416729,1817,908,0,1313,2.6000001,-0.4346226,4038,511,7
110,-0.09856885,1829,912,0,1302,1.9000001,-0.42728302,4043,504,8
111,-0.0902933,1837,900,0,1310,2.6,-0.42928255,4047,511,7
112,-0.087624505,1867,891,0,1279,2.1,-0.41805935,4037,509,7
113,-0.09268758,1895,856,0,1298,2.6999998,-0.4422588,4049,507,7
114,-0.07959657,1854,835,0,1355,3.5999994,-0.42393824,4044,504,8
115,-0.074432015,1849,831,0,1373,2.6999998,-0.44419113,4053,507,7
116,-0.07387845,1849,826,0,1360,2.6,-0.4173742,4035,499,8
117,-0.06263696,1870,789,0,1394,2.0000002,-0.451272,4053,516,7
118,-0.066071704,1890,777,0,1375,2.3999996,-0.48070422,4042,529,7
119,-0.059200443,1835,800,0,1418,1.8000002,-0.4596612,4053,514,7
120,-0.068348296,1853,787,0,1403,2.8999999,-0.419962,4043,506,7
121,-0.05036736,1852,757,0,1434,2.6,-0.46337032,4043,514,7
122,-0.066190116,1853,803,0,1385,2.6,-0.4516225,4041,517,7
123,-0.0349549,1794,809,0,1439,2.4,-0.4206346,4042,497,8
124,-0.046344332,1840,798,0,1400,2.6,-0.42853045,4038,503,8
125,-0.05286249,1813,787,0,1440,1.8000002,-0.46807066,4040,519,7
126,-0.050117172,1801,801,0,1435,2.7,-0.46812147,4037,503,8
127,-0.038931377,1772,835,0,1444,2.8000002,-0.4184166,4051,503,8
128,-0.05196718,1796,831,0,1416,2.6999998,-0.41034007,4043,497,8
129,-0.05636005,1824,820,0,1404,2.7,-0.44041646,4048,509,7
130,-0.0666355,1838,868,0,1335,2.7,-0.4285341,4041,509,7
131,-0.07731429,1849,866,0,1332,2.6,-0.46007073,4047,523,7
132,-0.086539194,1841,857,0,1344,2.0,-0.43827453,4042,510,7
133,-0.075541615,1854,875,0,1314,2.6000001,-0.44704586,4043,514,7
134,-0.059497774,1866,817,0,1360,2.6999996,-0.42859408,4043,509,7
135,-0.066662624,1867,809,1,1369,2.6999998,-0.3888792,4046,504,8
136,-0.075442284,1854,832,0,1367,2.3000002,-0.44389495,4053,512,7
137,-0.06163094,1862,822,0,1373,2.1,-0.4503837,4057,515,7
138,-0.07485615,1869,821,0,1354,1.8000002,-0.42517433,4044,510,7
139,-0.07266554,1839,839,0,1378,3.7999997,-0.45549935,4056,518,7
140,-0.0668454,1845,837,0,1375,3.6,-0.43441105,4057,516,7
141,-0.06105417,1853,850,0,1348,2.7,-0.40056896,4051,494,8
142,-0.06578555,1881,821,0,1339,2.6999998,-0.4210109,4041,505,8
143,-0.062100146,1878,838,0,1325,2.8999996,-0.41153282,4041,502,8
144,-0.05434328,1835,835,0,1380,3.1,-0.42871743,4050,501,8
145,-0.05924098,1841,831,0,1371,2.8,-0.4289403,4043,502,8
146,-0.07441482,1859,830,0,1364,2.9,-0.43217516,4053,507,7
147,-0.064088315,1839,858,0,1352,2.6000001,-0.45186606,4049,510,7
148,-0.06565652,1855,819,0,1391,2.8,-0.41663137,4065,518,7
149,-0.06020957,1857,784,0,1404,1.8000002,-0.4141919,4045,512,7
150,-0.043661077,1832,797,0,1417,2.6,-0.41213688,4046,501,8
151,-0.05251212,1827,787,0,1443,2.0,-0.47905,4057,520,7
152,-0.0628751,1850,785,0,1402,3.3999999,-0.43421006,4037,515,7
153,-0.069221586,1844,801,0,1402,2.4,-0.45344844,4047,513,7
154,-0.07531744,1868,824,0,1353,2.6,-0.45050827,4045,518,7
155,-0.08148363,1875,846,0,1336,2.7000003,-0.40764216,4057,500,8
156,-0.088627994,1879,847,0,1325,2.3000002,-0.43033952,4051,509,7
157,-0.07591936,1837,865,0,1349,2.7000003,-0.41762632,4051,507,7
158,-0.0717352,1808,878,0,1363,2.6999998,-0.43166378,4049,502,8
159,-0.081141695,1794,904,0,1342,2.3000002,-0.41208065,4040,504,8
160,-0.081797265,1822,931,0,1281,2.6,-0.401588,4034,509,7
161,-0.09309347,1830,939,0,1301,2.6999998,-0.4370036,4070,520,7
162,-0.07980106,1841,916,0,1304,2.6999993,-0.39901614,4061,513,7
163,-0.098083004,1803,947,0,1298,2.7,-0.41833153,4048,506,8
164,-0.084952004,1806,946,0,1299,2.6999998,-0.42471147,4051,516,7
165,-0.0864837,1805,903,0,1351,2.3999996,-0.46400717,4059,510,7
166,-0.090850435,1793,890,0,1362,2.8999996,-0.42225102,4045,517,7
167,-0.06606682,1801,871,0,1371,2.6999996,-0.40010053,4043,512,7
168,-0.068369225,1754,883,0,1408,2.6,-0.42326492,4045,513,7
169,-0.060806222,1792,857,0,1390,2.6,-0.4474391,4039,527,7
170,-0.058323056,1757,854,0,1436,2.5,-0.40904498,4047,509,7
171,-0.06437131,1761,901,0,1373,2.5,-0.41278958,4035,508,7
172,-0.07264901,1772,897,0,1366,3.1,-0.42599875,4035,509,7
173,-0.08935154,1787,928,0,1336,2.3999999,-0.392867,4051,506,8
174,-0.0859411,1771,1000,0,1264,2.6999998,-0.4078081,4035,499,8
175,-0.09220487,1764,1053,0,1232,2.7999995,-0.39846978,4049,505,8
176,-0.0998769,1794,1061,1,1201,2.5,-0.40742043,4057,503,8
177,-0.09247037,1798,1095,0,1154,2.7999997,-0.4002237,4047,512,7
178,-0.101312,1809,1120,0,1129,2.7,-0.4217609,4058,510,7
179,-0.09560217,1798,1019,0,1234,2.6999998,-0.3821043,4051,505,8
180,-0.10033723,1816,1009,0,1224,2.6,-0.3995815,4049,507,7
181,-0.09102298,1786,1014,0,1253,2.9,-0.41236222,4053,506,8
182,-0.084830776,1795,970,0,1281,1.8000002,-0.4407576,4046,506,7
183,-0.09720223,1800,1019,0,1218,2.6999996,-0.40052152,4037,504,8
184,-0.086657375,1789,1054,0,1218,2.1000001,-0.39288467,4061,504,8
185,-0.09031875,1781,1112,0,1160,2.6000001,-0.40898225,4053,510,7
186,-0.09517464,1779,1131,0,1125,2.7000003,-0.40299976,4035,505,7
187,-0.09963367,1785,1125,0,1135,2.6,-0.3913486,4045,514,7
188,-0.085265584,1757,1195,0,1100,2.6,-0.42739514,4052,498,8
189,-0.07952315,1738,1133,0,1171,2.6999998,-0.40621105,4042,494,8
190,-0.08551106,1723,1103,0,1200,2.8000002,-0.38003078,4026,489,8
191,-0.07306986,1754,976,0,1316,2.6999998,-0.39542922,4046,499,8
192,-0.07388719,1719,1014,0,1309,2.7999995,-0.38998124,4042,495,8
193,-0.07645339,1767,991,0,1297,3.0999997,-0.42890382,4055,512,7
194,-0.08151267,1732,984,0,1333,2.6,-0.3955063,4049,503,8
195,-0.07929445,1766,948,0,1341,2.3999999,-0.43410772,4055,515,7
196,-0.07338237,1762,966,0,1328,3.6999998,-0.4176295,4056,503,8
197,-0.078546986,1762,936,0,1338,2.6999996,-0.43003133,4036,505,7
198,-0.08119585,1742,979,0,1306,3.0999997,-0.37559077,4027,490,8
199,-0.08453969,1755,1069,0,1216,3.1,-0.38492677,4040,493,8
200,-0.08550895,1756,1136,0,1160,2.5,-0.39723712,4052,489,8
201,-0.0863607,1740,1204,0,1112,2.9,-0.41859114,4056,492,8
202,-0.094350696,1740,1252,0,1058,2.5,-0.38590246,4050,493,8
203,-0.087882854,1720,1180,0,1159,2.8999996,-0.39571458,4059,484,8
204,-0.08347104,1714,1188,0,1148,2.2,-0.3942976,4050,479,8
205,-0.08502297,1738,1192,0,1115,3.9999995,-0.38234982,4045,493,8
206,-0.09520661,1732,1221,0,1088,2.4999998,-0.39312196,4041,490,8
207,-0.08653941,1745,1185,1,1112,2.9,-0.392556,4043,486,8
208,-0.085688666,1741,1132,0,1171,2.1999998,-0.42579263,4044,489,8
209,-0.08244708,1721,1117,0,1214,2.5,-0.38447794,4052,479,8
210,-0.08362778,1731,1088,0,1220,2.6,-0.38586384,4039,485,8
211,-0.09056332,1721,1085,0,1228,3.1999998,-0.42159307,4034,486,8
212,-0.09604667,1704,1155,0,1178,2.1000001,-0.4116435,4037,487,8
213,-0.09368837,1732,1232,0,1088,2.9,-0.38052937,4052,485,8
214,-0.0910492,1722,1302,0,1015,2.8000002,-0.38665634,4039,471,8
215,-0.102025874,1692,1329,1,1014,3.1,-0.36588326,4036,466,8
216,-0.09209951,1675,1436,0,948,3.1000001,-0.32352892,4059,454,8
217,-0.07640528,1672,1466,0,916,2.8000002,-0.33710012,4054,437,9
218,-0.075341016,1635,1501,0,903,2.8000002,-0.32037732,4039,459,8
219,-0.09117134,1610,1497,0,937,2.9,-0.35091612,4044,450,8
220,-0.075024515,1620,1466,1,970,2.9,-0.3279278,4057,445,9
221,-0.09895169,1573,1495,0,981,2.9,-0.36379457,4049,468,8
222,-0.0866583,1560,1488,0,1002,3.1000001,-0.3481738,4050,447,9
223,-0.10012336,1599,1436,0,1006,2.1999998,-0.35474008,4041,455,8
224,-0.0895728,1596,1466,0,997,2.8,-0.30771223,4059,440,9
225,-0.066971056,1572,1493,0,973,3.9999995,-0.3080742,4038,427,9
226,-0.07349645,1610,1508,0,931,3.0,-0.3168199,4049,435,9
227,-0.084993765,1586,1580,0,906,2.2,-0.339613,4072,437,9
228,-0.076650284,1529,1662,1,871,3.6999993,-0.27775142,4063,427,9
229,-0.0629921,1518,1709,0,835,2.5,-0.24702156,4062,425,9
230,-0.06984503,1494,1690,0,852,3.0,-0.30101645,4036,419,9
231,-0.05149721,1481,1742,0,828,3.0999994,-0.22359939,4051,416,9
232,-0.05463328,1469,1780,0,823,3.1,-0.23627254,4072,413,9
233,-0.06523361,1440,1794,0,802,3.1000001,-0.30156177,4036,428,9
234,-0.07790617,1368,1831,0,845,2.5999994,-0.27774537,4044,403,10
235,-0.07414481,1384,1833,0,838,3.1,-0.2411102,4055,401,10
236,-0.0670301,1362,1874,0,828,3.0000002,-0.253101,4064,402,10
237,-0.078382626,1227,1959,0,861,3.0,-0.25458393,4047,412,9
238,-0.07979186,1215,2018,0,842,3.1,-0.24822146,4075,410,9
239,-0.06577473,1228,2016,0,809,2.2000003,-0.28480217,4053,399,10
240,-0.0636341,1251,2011,0,802,3.0999997,-0.23946902,4064,398,10
241,-0.052545063,1325,1945,1,778,3.1000001,-0.21232402,4049,387,10
242,-0.050869297,1410,1906,0,767,3.1000001,-0.23125197,4083,401,10
243,-0.041172553,1428,1850,0,777,3.0,-0.2465109,4055,389,10
244,-0.053668182,1426,1842,0,779,3.7999997,-0.2617007,4047,394,10
245,-0.05029188,1416,1870,0,773,2.3999999,-0.2255732,4059,398,10
246,-0.059454277,1368,1882,0,789,3.1000001,-0.18365948,4039,375,10
247,-0.05302694,1373,1908,0,782,2.9,-0.26948136,4063,394,10
248,-0.05996291,1302,1943,0,800,3.6999993,-0.2114961,4045,384,10
249,-0.06852168,1259,2010,0,792,2.6999998,-0.2637043,4061,388,10
250,-0.044777144,1238,2062,0,772,3.9999995,-0.17733318,4072,381,10
251,-0.02828671,1146,2105,0,804,2.8999996,-0.2180276,4055,379,10
252,-0.029115153,1116,2151,0,801,3.8999996,-0.22512347,4068,390,10
253,-0.016657842,1107,2146,0,796,3.6999998,-0.26468316,4049,385,10
254,-0.022030497,1081,2174,0,786,3.1,-0.27032983,4041,403,10
255,-0.010991981,1057,2218,0,795,3.0,-0.27329305,4070,397,10
256,-0.010713545,1063,2196,0,791,2.9,-0.29296383,4050,398,10
257,-0.01350166,1051,2202,0,790,2.9999995,-0.25943664,4043,396,10
258,-0.0151147945,1094,2159,0,785,3.1,-0.2740719,4038,388,10
259,-0.016697928,1088,2189,0,776,2.8999996,-0.25549018,4053,394,10
260,-0.013658428,1108,2175,0,763,3.8999999,-0.25469652,4046,388,10
261,-0.013695943,1106,2161,0,771,2.7999997,-0.25185776,4038,380,10
262,-0.019177115,1116,2163,0,768,2.2000003,-0.26921228,4047,384,10
263,-0.027357068,1130,2147,0,779,3.0,-0.27051345,4056,388,10
264,-0.02661792,1142,2144,0,766,3.0,-0.22551867,4052,381,10
265,-0.025190255,1135,2155,0,774,3.0,-0.24690022,4064,379,10
266,-0.028618403,1152,2147,1,762,2.5,-0.23673096,4062,385,10
267,-0.03336679,1144,2120,0,772,3.3999999,-0.24846436,4036,388,10
268,-0.051247053,1202,2094,0,767,2.3999996,-0.24100439,4063,395,10
269,-0.03262351,1185,2129,0,766,3.0,-0.21894634,4080,380,10
270,-0.030507717,1193,2122,0,752,2.8999996,-0.2471606,4067,380,10
271,-0.029530823,1154,2124,0,775,2.8,-0.2359491,4053,381,10
272,-0.020746155,1126,2166,0,745,3.1,-0.2709445,4037,380,10
273,-0.023971502,1135,2164,0,769,2.7999997,-0.21816675,4068,379,10
274,-0.016793588,1109,2183,0,769,3.1999998,-0.25314048,4061,386,10
275,-0.012601409,1100,2206,0,760,3.0,-0.26065004,4066,386,10
276,-0.010289533,1104,2198,0,748,2.9,-0.26688957,4050,387,10
277,-0.008470396,1091,2204,0,736,3.1000001,-0.21962342,4031,379,10
278,-0.013282968,1104,2201,0,750,3.1000001,-0.2611105,4055,380,10
279,0.000680465,1106,2199,0,753,2.6,-0.25497848,4058,382,10
280,-0.0028882616,1084,2214,0,781,3.7999997,-0.24689929,4079,381,10
281,0.0011914654,1088,2204,0,778,2.9999995,-0.24609399,4070,382,10
282,-0.003268372,1083,2220,0,772,3.1000001,-0.2532522,4075,383,10
283,-0.003108008,1100,2204,0,765,3.1,-0.24824321,4069,377,10
284,-0.0101723,1082,2201,0,765,3.0,-0.24029198,4048,377,10
285,-0.005138341,1095,2210,0,759,3.1000001,-0.22204769,4064,379,10
286,-0.0075719985,1083,2207,0,773,3.1,-0.27750516,4063,382,10
287,-0.002726431,1078,2194,0,773,2.2,-0.26452473,4045,377,10
288,-0.002661547,1087,2221,1,765,2.2,-0.27302492,4074,387,10
289,-0.0015640904,1105,2186,0,767,3.0,-0.22405168,4058,380,10
290,-0.006869504,1086,2199,0,772,3.7000003,-0.26847506,4057,382,10
291,-0.001983446,1073,2168,0,781,3.0,-0.21956775,4022,375,10
292,-0.00044258375,1098,2197,0,765,3.1,-0.21485253,4060,380,10
293,0.001324324,1077,2210,0,779,3.0,-0.23740844,4066,379,10
294,-0.007367539,1084,2206,0,768,3.9999995,-0.21160702,4058,382,10
295,-0.00375886,1082,2222,0,767,3.1,-0.28260958,4071,385,10
296,-0.0012888303,1081,2218,0,769,3.2999997,-0.23515274,4068,381,10
297,0.0007393534,1083,2188,0,774,3.1,-0.24309061,4045,371,10
298,0.0005720779,1064,2239,0,761,3.1,-0.2641001,4064,392,10
299,0.0035173567,1085,2191,0,765,3.1000001,-0.2351649,4041,372,10
300,-0.00048056914,1082,2209,0,756,3.9999998,-0.2384981,4047,378,10
301,-0.001961545,1078,2226,0,751,2.9,-0.21250336,4055,387,10
302,0.0012667258,1097,2192,0,763,3.0,-0.21697941,4052,376,10
303,-0.00087949506,1084,2223,0,762,2.9999998,-0.26016292,4069,383,10
304,-0.013388516,1091,2187,0,753,2.9999998,-0.24534905,4031,378,10
305,-0.0024274024,1094,2229,0,744,3.1,-0.22382636,4067,382,10
306,-0.00441559,1088,2221,1,749,3.1000001,-0.2114317,4059,381,10
307,0.0009179429,1102,2199,0,763,3.1,-0.20533976,4064,370,10
308,-0.0004791926,1088,2218,0,755,4.7,-0.2031771,4061,381,10
309,0.0033525645,1101,2217,1,755,3.1000001,-0.24369231,4074,382,10
310,0.001543848,1084,2199,0,756,2.9,-0.24298126,4039,366,11
311,-0.0006973888,1106,2197,0,761,3.1,-0.20155035,4064,373,10
312,-0.002704454,1095,2227,0,748,3.3999999,-0.22879668,4070,384,10
313,0.0024179884,1077,2233,1,756,3.6999993,-0.23919417,4067,377,10
314,-0.0030140893,1077,2210,2,750,3.0999994,-0.25630182,4039,379,10
315,0.0014787329,1108,2186,1,765,3.9999998,-0.2557395,4060,369,11
316,0.00024308878,1071,2224,2,766,3.1,-0.21902591,4063,380,10
317,0.0029829484,1085,2221,2,761,3.6999998,-0.2262722,4069,376,10
318,0.0008805579,1080,2214,0,752,2.8000002,-0.274247,4046,375,10
319,0.0045863525,1093,2201,1,757,3.0,-0.24121477,4052,378,10
320,-0.0004047447,1074,2202,6,763,4.0,-0.21428975,4045,374,10
321,-0.00034113313,1089,2205,4,758,3.0999992,-0.17968434,4056,375,10
322,-0.0023195026,1071,2232,2,756,3.9999998,-0.23747882,4061,384,10
323,-0.0004982753,1076,2233,6,743,2.8999996,-0.26638812,4058,382,10
324,0.0051477617,1087,2196,16,752,3.9999993,-0.24668051,4051,373,10
325,-0.0114271585,1103,2168,41,751,3.7999997,-0.17154846,4063,364,11
326,-0.015814332,1121,2067,122,736,3.9999993,-0.13971816,4046,341,11
327,-0.019144988,1132,1830,415,703,5.499999,0.14448546,4080,296,13
328,0.08651822,1234,1366,901,587,5.9999986,0.6917075,4088,242,16
329,0.113642275,1360,1411,776,586,7.0999975,0.9953057,4133,213,19
330,0.12171187,1485,1499,549,584,7.1999965,1.2829725,4117,165,24
331,0.12336631,1549,1527,470,589,9.300002,1.391099,4135,157,26
332,0.09110088,1561,1491,479,590,7.199997,1.3405957,4121,156,26
333,0.09191959,1580,1458,500,578,6.699998,1.3801006,4116,150,27
334,0.095901966,1593,1454,514,593,6.7999973,1.3560885,4154,152,27
335,0.0562185,1570,1450,507,572,6.399998,1.406829,4099,149,27
336,0.06127674,1568,1493,516,587,6.799998,1.3794646,4164,151,27
337,0.06429029,1580,1472,503,559,7.199998,1.4427546,4114,146,28
338,0.047707457,1574,1476,512,579,6.9999976,1.3956994,4141,148,27
339,0.06239044,1560,1463,518,572,6.399998,1.3966672,4113,148,27
340,0.09190891,1537,1458,530,592,9.200001,1.4971075,4117,143,28
341,0.14066261,1502,1407,599,624,7.4999976,1.5014014,4132,143,28
342,0.13976224,1457,1393,620,667,8.7,1.507709,4137,145,28
343,0.15018696,1392,1319,702,706,8.0999975,1.5235236,4119,144,28
344,0.11279578,1294,1233,804,772,8.299998,1.430049,4103,149,27
345,0.11215139,1260,1233,853,792,8.299998,1.4336376,4138,155,26
346,0.11992481,1272,1237,826,772,8.299998,1.4477701,4107,148,27
347,0.16364996,1378,1305,722,702,9.200002,1.6228616,4107,140,29
348,0.13404955,1504,1427,573,597,7.799997,1.6491563,4101,137,29
349,0.07639283,1572,1457,516,588,7.5999975,1.4436468,4133,146,28
350,0.042765707,1544,1488,511,567,6.699999,1.3238671,4110,150,27
351,0.038512725,1570,1493,506,568,7.799998,1.4068153,4137,152,27
352,0.017933795,1558,1486,494,557,6.0999985,1.3379222,4095,150,27
353,0.0066252234,1585,1481,494,565,6.9999986,1.2871739,4125,153,26
354,0.01197316,1585,1468,499,557,8.499998,1.3871238,4109,151,27
355,0.0070896195,1589,1477,501,552,6.799998,1.3666645,4119,148,27
356,0.012916924,1575,1489,497,559,7.399998,1.4408959,4120,144,28
357,0.012222895,1570,1489,491,572,7.199998,1.4763684,4122,142,29
358,0.014450794,1600,1477,486,578,7.6999974,1.3657546,4141,148,27
359,0.005065386,1573,1486,500,559,6.4999986,1.3781427,4118,147,28
360,0.010689548,1614,1474,496,556,7.2999988,1.4233555,4140,147,28
361,0.01025451,1588,1468,486,568,7.1999984,1.4271995,4110,144,28
362,0.015339144,1577,1485,499,556,6.7999988,1.4406829,4117,146,28
363,0.028551782,1593,1501,511,566,8.6,1.5245721,4171,143,29
364,0.015393049,1589,1454,496,560,7.0999985,1.3743088,4099,147,27
365,0.034347497,1605,1470,511,562,8.0999975,1.50617,4148,145,28
366,0.051618796,1574,1505,516,562,7.4999976,1.5142148,4157,143,29
367,0.060522847,1566,1463,530,570,10.400002,1.6252825,4129,137,30
368,0.064088166,1558,1471,530,567,7.1999974,1.4669152,4126,144,28
369,0.078642696,1563,1465,553,580,8.0999975,1.6011517,4161,139,29
370,0.06470023,1560,1462,531,570,7.4999976,1.4926487,4123,143,28
371,0.061659314,1546,1481,528,563,8.299997,1.5130382,4118,140,29
372,0.056846984,1571,1461,523,576,9.1,1.5696661,4131,141,29
373,0.05406039,1554,1466,518,573,7.0999985,1.5321554,4111,141,29
374,0.0458628,1562,1461,513,562,8.799999,1.5651029,4098,139,29
375,0.030280817,1593,1485,512,572,6.7999983,1.3993253,4162,147,28
376,0.033716656,1570,1491,510,560,6.9999976,1.5074779,4131,142,29
377,0.030500725,1583,1475,509,562,8.4,1.5398862,4129,140,29
378,0.03750212,1589,1483,511,557,8.5,1.5760851,4140,141,29
379,0.026766505,1582,1466,516,553,7.599999,1.4679357,4117,142,28
380,0.05008552,1602,1480,513,565,9.899998,1.6389878,4160,139,29
381,0.034358073,1560,1465,512,557,8.9,1.4667051,4094,143,28
382,0.063696116,1580,1473,524,566,7.0999985,1.5839227,4143,140,29
383,0.07441,1546,1476,539,567,8.7,1.6599059,4128,135,30
384,0.09178431,1529,1465,577,606,7.099998,1.4998778,4177,144,29
385,0.110135354,1474,1452,616,583,7.9999986,1.6815732,4125,136,30
386,0.11580081,1468,1437,607,597,9.7,1.7494507,4109,132,31
387,0.08521416,1481,1475,647,616,7.3999977,1.4205948,4219,149,28
388,0.08769115,1477,1426,620,594,7.499998,1.4800076,4117,141,29
389,0.10025043,1503,1434,598,584,8.7,1.5642369,4119,141,29
390,0.09973353,1502,1456,553,579,9.5,1.6479682,4090,137,29
391,0.07620376,1537,1448,556,575,9.1,1.4998521,4116,141,29
392,0.0674669,1550,1466,536,576,9.000002,1.6459036,4128,136,30
393,0.06714271,1569,1468,542,580,7.699999,1.5761936,4159,140,29
394,0.085425265,1540,1467,531,571,10.200002,1.7594525,4109,133,30
395,0.074061364,1515,1460,537,570,7.3999987,1.6181751,4082,136,30
396,0.065621905,1547,1498,567,590,7.999998,1.6022581,4202,141,29
397,0.0677816,1532,1468,543,579,8.399999,1.6373343,4122,136,30
398,0.053059883,1550,1472,524,572,8.4,1.6024746,4118,137,30
399,0.05720387,1537,1466,522,571,9.199999,1.5987769,4096,137,29
400,0.048001833,1558,1501,523,578,8.6,1.5598536,4160,140,29
401,0.049246673,1576,1471,518,573,9.200001,1.6785624,4138,136,30
402,0.043001253,1584,1504,517,573,8.199999,1.6087577,4178,140,29
403,0.0347873,1550,1483,514,574,8.799999,1.4932274,4121,143,28
404,0.048479132,1581,1502,520,556,9.600002,1.6190648,4159,139,29
405,0.05281878,1566,1497,531,568,8.700001,1.6116031,4162,140,29
406,0.04645035,1584,1486,520,579,8.599999,1.5520488,4169,142,29
407,0.043413524,1573,1504,531,587,8.699998,1.5334184,4195,142,29
408,0.057726186,1559,1463,535,576,9.900001,1.6547282,4133,137,30
409,0.08610296,1553,1472,543,566,8.599999,1.6707282,4134,137,30
410,0.066701226,1529,1447,539,578,8.4,1.7043219,4093,133,30
411,0.063757,1533,1456,536,567,8.9,1.5933263,4092,138,29
412,0.060069546,1539,1498,544,581,8.099998,1.6203483,4162,138,30
413,0.07760606,1556,1453,532,569,9.1,1.7240614,4110,135,30
414,0.05189016,1557,1490,528,568,8.699999,1.517714,4143,143,28
415,0.051352102,1565,1461,527,577,9.900001,1.6456879,4130,137,30
416,0.038473476,1594,1490,519,561,8.5,1.5944982,4164,140,29
417,0.032710567,1580,1490,510,576,9.100001,1.5446562,4156,142,29
418,0.045132034,1587,1511,505,562,10.100001,1.6378127,4165,138,30
419,0.033286035,1585,1465,506,561,8.800001,1.6451274,4117,137,30
420,0.018611554,1588,1481,504,567,8.6,1.5580409,4140,140,29
421,0.02932967,1589,1513,514,562,10.2000065,1.6681406,4178,139,30
422,0.026177768,1599,1488,516,553,8.6,1.5514176,4156,140,29
423,0.04669958,1556,1490,514,558,9.600004,1.6818335,4118,136,30
424,0.047834903,1582,1486,516,561,9.4,1.6892616,4145,135,30
425,0.03497759,1562,1480,508,562,8.700001,1.5895891,4112,139,29
426,0.03934435,1590,1486,510,567,10.5,1.6081604,4153,140,29
427,0.030173933,1580,1483,517,545,9.200003,1.5761186,4125,139,29
428,0.027429916,1594,1472,501,565,8.299999,1.5677375,4132,140,29
429,0.028253444,1571,1499,508,566,8.499999,1.550384,4144,140,29
430,0.035258844,1584,1482,504,563,10.000001,1.653494,4133,138,29
431,0.032830976,1581,1491,508,587,8.199998,1.5820712,4167,140,29
432,0.025044179,1596,1482,503,580,8.299998,1.5589505,4161,141,29
433,0.04098662,1549,1490,504,556,9.099998,1.702437,4099,135,30
434,0.045350965,1606,1463,521,562,8.399998,1.6822957,4152,136,30
435,0.024199631,1578,1466,509,572,7.8999987,1.5119736,4125,142,29
436,0.033484332,1591,1493,511,563,7.5999985,1.4839805,4158,143,29
437,0.02630295,1568,1459,499,571,8.299999,1.5887451,4097,139,29
438,0.03755432,1575,1467,521,572,8.499999,1.7280267,4135,132,31
439,0.04365518,1598,1466,522,565,9.900002,1.6490465,4151,138,30
440,0.027721308,1560,1482,510,567,9.0,1.6794345,4119,135,30
441,0.034932323,1560,1475,525,564,9.7,1.5838729,4124,139,29
442,0.047155123,1558,1450,525,558,9.300003,1.6948402,4091,134,30
443,0.05090728,1551,1487,530,576,8.5,1.6655145,4144,137,30
444,0.057813942,1546,1468,536,579,7.899998,1.5652435,4129,140,29
445,0.08290327,1523,1473,546,571,8.4,1.551761,4113,140,29
446,0.08601275,1519,1492,589,587,8.299999,1.5754217,4187,141,29
447,0.096781775,1474,1439,604,598,10.700003,1.7037156,4115,137,30
448,0.08996417,1451,1430,632,605,10.1,1.5872489,4118,139,29
449,0.09003504,1448,1410,647,611,11.800008,1.7099588,4116,136,30
450,0.043216288,1416,1412,678,598,8.299998,1.4833554,4104,142,28
451,0.026230717,1441,1419,691,600,7.3999987,1.4439629,4151,145,28
452,0.041841548,1423,1409,688,615,7.099999,1.496322,4135,142,29
453,0.029495299,1411,1396,675,606,8.5,1.4170722,4088,146,28
454,0.038205594,1402,1402,685,606,6.499999,1.4953576,4095,143,28
455,0.037620902,1421,1398,678,598,7.199999,1.4688376,4095,142,28
456,0.051914357,1445,1433,678,614,8.7,1.5611489,4170,142,29
457,0.06392315,1437,1413,649,601,8.700001,1.5262175,4100,141,29
458,0.0731767,1464,1462,634,604,8.6,1.5388066,4164,142,29
459,0.07441178,1502,1459,571,594,8.299999,1.6023967,4126,140,29
460,0.0614581,1543,1476,544,573,8.5,1.6523913,4136,136,30
461,0.046605058,1593,1491,525,561,10.100006,1.6747937,4170,138,30
462,0.036984604,1600,1477,506,574,10.900005,1.6455597,4157,140,29
463,0.012312904,1591,1484,497,563,8.099998,1.3868898,4135,149,27
464,0.017115686,1564,1484,491,563,8.099998,1.45207,4102,145,28
465,0.038297236,1579,1483,494,576,7.7999988,1.4143492,4132,147,28
466,0.02466133,1597,1495,493,578,7.2999983,1.4355253,4163,146,28
467,0.011805639,1577,1486,483,574,8.199999,1.4151434,4120,148,27
468,0.0136532,1597,1479,489,578,7.6999984,1.4924428,4143,144,28
469,0.015301314,1593,1468,491,569,8.6,1.427637,4121,146,28
470,0.0045051817,1564,1468,484,574,8.4,1.3765261,4090,147,27
471,0.009435595,1609,1478,502,567,8.899998,1.3979769,4156,147,28
472,0.006934808,1607,1473,503,563,7.399998,1.4492742,4146,145,28
473,0.018795392,1580,1478,500,560,7.0999985,1.4925184,4118,143,28
474,0.011477843,1578,1480,498,550,8.0999975,1.4129303,4106,145,28
475,0.03744908,1574,1496,498,561,9.199999,1.5770868,4129,140,29
476,0.026405234,1579,1478,515,561,8.700001,1.5929813,4133,139,29
477,0.03841134,1588,1493,513,573,8.700001,1.7565131,4167,134,31
478,0.03068991,1558,1508,518,564,8.699999,1.6287347,4148,138,30
479,0.032275725,1564,1483,515,576,8.4,1.6176637,4138,138,29
480,0.048830528,1546,1505,518,558,8.8,1.5998526,4127,139,29
481,0.06341211,1573,1471,528,569,8.199999,1.608498,4141,139,29
482,0.047294702,1547,1495,531,562,9.300001,1.6839157,4135,138,29
483,0.05343889,1545,1475,537,558,8.099998,1.5296212,4115,142,28
484,0.06010957,1587,1505,545,605,8.900002,1.6483243,4242,141,30
485,0.05559583,1537,1476,553,556,10.499998,1.6041946,4122,138,29
486,0.047537103,1546,1470,533,567,7.999998,1.5342546,4116,139,29
487,0.04486424,1536,1466,529,561,8.199999,1.5444995,4092,140,29
488,0.031209202,1554,1466,504,584,8.4,1.5372664,4108,139,29
489,0.05105201,1565,1478,514,576,8.8,1.720298,4133,133,31
490,0.048884638,1576,1469,507,581,9.500003,1.7310889,4133,134,30
491,0.025484711,1578,1463,503,561,9.5,1.5454788,4105,140,29
492,0.0353074,1558,1469,499,560,9.900001,1.6644614,4086,136,30
493,0.030160148,1572,1474,492,568,8.4,1.5232563,4106,140,29
494,0.033359062,1578,1497,510,545,9.299997,1.6347677,4130,139,29
495,0.03167392,1614,1516,510,575,10.1,1.6236043,4215,141,29
496,0.031059157,1566,1479,500,569,8.199999,1.5977616,4114,137,30
497,0.017521434,1593,1485,514,564,8.199999,1.4777163,4156,144,28
498,0.015795454,1591,1468,504,555,8.800001,1.4702746,4118,143,28
499,0.036993794,1582,1491,505,565,10.4000025,1.7029663,4143,136,30
500,0.023730604,1579,1488,511,562,9.4,1.6798288,4140,135,30
501,0.028374817,1586,1493,505,564,8.599999,1.5749736,4148,140,29
502,0.02663121,1590,1481,503,574,9.300003,1.6510111,4148,137,30
503,0.029650938,1583,1491,503,564,9.1,1.5932842,4141,139,29
504,0.034292124,1572,1470,505,555,7.5999985,1.5397347,4102,139,29
505,0.045183938,1597,1482,522,569,9.300001,1.7181274,4170,134,31
506,0.035479795,1586,1494,504,570,9.0999975,1.5232044,4154,142,29
507,0.03038738,1563,1504,502,555,9.1,1.683776,4124,135,30
508,0.03973828,1569,1468,503,549,9.399999,1.5894573,4089,138,29
509,0.033146318,1602,1498,522,556,9.200001,1.7509551,4178,136,30
510,0.05227817,1583,1510,506,563,9.7,1.7674174,4162,133,31
511,0.041604232,1569,1497,515,574,8.800001,1.6183368,4155,140,29
512,0.038925033,1567,1490,510,565,10.500004,1.7646402,4132,134,30
513,0.04562361,1564,1480,509,541,10.000001,1.5464072,4094,140,29
514,0.04041106,1564,1458,509,572,11.100006,1.6934413,4103,136,30
515,0.045851216,1569,1474,514,546,9.200001,1.6835709,4103,135,30
516,0.030762197,1585,1498,517,554,9.900005,1.67903,4154,137,30
517,0.034625247,1590,1491,512,562,10.400007,1.692922,4155,137,30
518,0.018377475,1586,1472,500,562,8.0999975,1.5315751,4120,141,29
519,0.024883587,1597,1471,501,570,8.7,1.5891738,4139,140,29
520,0.021442497,1609,1486,496,571,8.099998,1.4599931,4162,145,28
521,0.02329236,1603,1486,507,563,8.499998,1.4947568,4159,144,28
522,0.048104573,1566,1499,505,563,8.499999,1.7247983,4133,133,31
523,0.049637366,1605,1479,512,570,10.700004,1.6503816,4166,138,30
524,0.040024396,1569,1489,521,570,8.4,1.6367053,4149,138,30
525,0.05984934,1581,1509,528,581,8.299998,1.574801,4199,142,29
526,0.064703,1576,1457,529,569,7.7999973,1.5291674,4131,142,29
527,0.08220121,1528,1440,558,586,10.1,1.6043023,4112,139,29
528,0.08642823,1533,1479,556,561,8.700001,1.5090557,4129,141,29
529,0.08351741,1509,1438,564,587,9.499999,1.569642,4098,138,29
530,0.1091214,1541,1468,574,581,10.100001,1.8026398,4164,133,31
531,0.09894899,1533,1478,562,571,9.100001,1.7020009,4144,135,30
532,0.09028759,1512,1468,546,576,9.1,1.6050444,4102,137,29
533,0.10961262,1528,1458,551,583,8.6,1.7065271,4120,135,30
534,0.08282654,1547,1475,551,569,8.6,1.7302005,4142,134,30
535,0.08248694,1565,1475,543,597,7.6999984,1.5264097,4180,142,29
536,0.08081267,1568,1482,546,576,9.0,1.5426636,4172,142,29
537,0.09487664,1574,1458,548,567,9.4,1.7063156,4147,136,30
538,0.097509876,1544,1468,564,561,9.8,1.8482696,4137,131,31
539,0.081144676,1511,1459,581,580,9.599999,1.5671244,4131,140,29
540,0.076865636,1494,1457,617,582,8.299999,1.5501907,4150,141,29
541,0.08058769,1444,1451,630,584,9.400003,1.6312215,4109,137,29
542,0.05834181,1481,1446,658,594,9.800004,1.5737951,4179,143,29
543,0.08290059,1452,1446,649,595,9.8,1.6851016,4142,138,30
544,0.0637499,1438,1435,641,589,8.9,1.5853012,4103,141,29
545,0.070366435,1451,1449,655,595,10.600004,1.6797088,4150,139,29
546,0.07221927,1468,1425,635,579,9.4,1.704015,4107,134,30
547,0.090564415,1462,1442,633,592,8.699997,1.6323056,4129,137,30
548,0.0776295,1469,1469,626,593,9.600001,1.6159472,4157,140,29
549,0.09423361,1472,1444,599,578,9.599998,1.7003884,4093,133,30
550,0.08618415,1509,1454,606,583,8.399998,1.527936,4152,142,29
551,0.09051591,1521,1440,576,566,10.100001,1.7460855,4103,133,30
552,0.07272042,1517,1465,586,573,9.299999,1.6392641,4141,138,30
553,0.07378945,1534,1451,542,573,9.3,1.5817786,4100,139,29
554,0.07149789,1554,1486,540,562,8.699999,1.6239233,4142,138,30
555,0.045879163,1551,1480,526,557,9.099999,1.6131723,4114,137,30
556,0.027792556,1576,1476,510,569,8.5,1.586224,4131,140,29
557,0.046718262,1587,1489,514,566,8.700001,1.8010327,4156,131,31
558,0.032257814,1602,1479,510,566,9.5,1.7164043,4157,135,30
559,0.02584403,1583,1485,506,562,9.700005,1.653044,4136,138,29
560,0.036641143,1587,1471,504,560,11.200006,1.7018415,4122,136,30
561,0.038970675,1585,1472,505,562,9.900005,1.7053567,4124,135,30
562,0.03008717,1590,1487,505,560,10.2000065,1.6382641,4142,137,30
563,0.03188759,1595,1498,506,563,10.600001,1.7054281,4162,138,30
564,0.024756676,1601,1477,491,570,9.1,1.6348858,4139,138,29
565,0.02225911,1600,1482,514,558,8.099998,1.6053666,4154,138,30
566,0.0275234,1596,1480,505,562,9.8,1.7010113,4143,136,30
567,0.023786826,1573,1491,502,561,8.700001,1.677536,4127,135,30
568,0.028408244,1601,1490,519,566,8.399998,1.6084028,4176,141,29
569,0.036473174,1592,1475,502,562,8.5,1.5040165,4131,141,29
570,0.05562113,1589,1482,523,562,10.1,1.753968,4156,136,30
571,0.04053728,1574,1480,535,549,8.5,1.5426269,4138,141,29
572,0.06591873,1540,1469,553,544,9.4,1.6889167,4106,136,30
573,0.06289428,1547,1475,544,552,9.300001,1.7083516,4118,134,30
574,0.059881408,1532,1463,538,562,8.6,1.5984837,4095,139,29
575,0.073991485,1568,1493,560,571,9.8,1.7092296,4192,137,30
576,0.069757074,1548,1471,560,557,10.600001,1.7690743,4136,133,31
577,0.09100244,1541,1464,553,562,11.600003,1.6339059,4120,138,29
578,0.07158903,1533,1504,566,561,9.1,1.664623,4164,137,30
579,0.09725793,1525,1477,591,572,8.900002,1.6491934,4165,137,30
580,0.07655861,1506,1439,586,579,7.699999,1.5589026,4110,140,29
581,0.08454277,1500,1453,595,566,8.299999,1.5812323,4114,138,29
582,0.07998848,1516,1448,596,574,8.399999,1.5894513,4134,139,29
583,0.08391162,1524,1465,601,580,9.8,1.6573842,4170,138,30
584,0.09460363,1481,1459,604,569,10.300001,1.5985144,4113,140,29
585,0.10879655,1491,1474,609,560,10.200004,1.6449424,4134,136,30
586,0.08560902,1509,1457,619,551,11.100006,1.7341614,4136,136,30
587,0.09513602,1520,1447,613,567,10.900004,1.8313218,4147,133,31
588,0.082898185,1493,1469,624,547,10.100004,1.643622,4133,140,29
589,0.101840205,1517,1462,596,540,9.500004,1.9458057,4115,127,32
590,0.095231704,1510,1455,585,563,11.300002,1.7544345,4113,132,31
591,0.09556107,1528,1453,581,552,10.0,1.7159437,4114,134,30
592,0.08997016,1552,1470,552,564,8.900002,1.6836854,4138,136,30
593,0.07213694,1578,1486,535,562,10.300005,1.7694286,4161,134,31
594,0.042315576,1555,1470,512,553,8.199999,1.5885798,4090,139,29
595,0.034933977,1591,1491,504,558,9.900001,1.6275561,4144,138,30
596,0.04837332,1642,1507,509,573,12.400011,1.800187,4231,136,31
597,0.043278266,1609,1480,501,566,10.700003,1.7294011,4156,135,30
598,0.024154708,1582,1484,499,553,12.000005,1.6531061,4118,137,30
599,0.04900869,1578,1475,493,562,10.200001,1.8455186,4108,129,31
600,0.04185462,1581,1494,498,560,7.8999977,1.6862062,4133,136,30
601,0.039140463,1579,1485,500,563,10.0,1.7629011,4127,134,30
602,0.039597612,1623,1493,512,552,10.000004,1.6993037,4180,138,30
603,0.020477673,1585,1492,494,562,8.700001,1.5169832,4133,140,29
604,0.03350119,1579,1476,504,549,8.199999,1.5957863,4108,136,30
605,0.04419182,1565,1486,498,548,10.000001,1.5931389,4097,137,29
606,0.04609524,1566,1463,489,562,9.6,1.6657575,4080,135,30
607,0.044541758,1581,1483,509,568,10.5,1.7062273,4141,135,30
608,0.050151434,1584,1497,526,568,10.200003,1.6934828,4175,137,30
609,0.07024082,1554,1480,536,565,8.700001,1.7809409,4135,131,31
610,0.08193003,1511,1458,574,571,9.300002,1.6455492,4114,137,30
611,0.08409183,1531,1490,579,589,10.000002,1.8243233,4189,134,31
612,0.087830365,1503,1468,599,568,10.500002,1.7072957,4138,136,30
613,0.09166137,1480,1455,603,556,8.599999,1.671957,4094,135,30
614,0.0707625,1496,1469,605,553,10.100002,1.811106,4123,133,31
615,0.06468324,1521,1451,628,550,10.300003,1.6046727,4150,143,29
616,0.06213956,1497,1433,625,558,8.799999,1.5736183,4113,142,28
617,0.06276553,1498,1477,614,554,10.200004,1.6397276,4143,139,29
618,0.07172399,1483,1442,647,581,11.100005,1.7422084,4153,137,30
619,0.068666495,1443,1431,640,557,8.600001,1.6093564,4071,136,29
620,0.103979886,1475,1456,645,573,9.5,1.8739674,4149,131,31
621,0.07407674,1475,1435,621,586,9.900002,1.6868573,4117,135,30
622,0.07142997,1472,1477,602,571,9.700001,1.617271,4122,136,30
623,0.07312262,1501,1452,594,577,10.1,1.6580245,4124,137,30
624,0.0971939,1516,1477,578,586,10.4000025,1.7301639,4157,137,30
625,0.07000044,1541,1475,559,598,10.600001,1.6043357,4173,141,29
626,0.070893645,1533,1483,534,577,10.1,1.5981804,4127,139,29
627,0.068170376,1538,1469,533,573,10.100002,1.7492803,4113,134,30
628,0.05763207,1575,1493,542,581,10.300003,1.6247171,4191,140,29
629,0.054644655,1550,1466,517,581,8.800001,1.5588459,4114,140,29
630,0.036738273,1571,1495,534,585,8.6,1.6225064,4185,139,30
631,0.04462679,1560,1466,515,573,9.900002,1.6252537,4114,138,29
632,0.048030104,1555,1485,521,579,10.100002,1.6356016,4140,139,29
633,0.033767954,1569,1491,525,578,9.4,1.5651195,4163,142,29
634,0.05063248,1549,1455,505,578,10.500002,1.6755792,4087,137,29
635,0.029737577,1569,1486,523,577,9.399999,1.5289267,4155,142,29
636,0.060867116,1559,1487,524,585,10.600002,1.829432,4155,131,31
637,0.04755472,1540,1452,512,565,10.300003,1.7369598,4069,132,30
638,0.053347237,1542,1475,514,587,10.700005,1.7853305,4118,134,30
639,0.05350243,1549,1485,518,588,9.100001,1.6919783,4140,137,30
640,0.037413884,1549,1466,508,569,9.700001,1.7503644,4092,135,30
641,0.04448183,1572,1505,507,579,8.9,1.6908455,4163,136,30
642,0.06543243,1585,1511,533,579,11.4000025,1.9024214,4208,132,31
643,0.033676818,1575,1467,526,559,8.6,1.6680627,4127,137,30
644,0.032072928,1564,1465,501,597,9.000001,1.5224357,4127,143,28
645,0.03193042,1541,1469,505,586,9.4,1.5365745,4101,141,29
646,0.032094494,1572,1484,515,567,9.1,1.614111,4138,138,29
647,0.046640534,1568,1485,515,583,10.400003,1.7009856,4151,137,30
648,0.042923033,1580,1465,512,578,8.700001,1.5879784,4135,139,29
649,0.031683713,1556,1496,522,578,9.299999,1.6215535,4152,139,29
650,0.049429208,1526,1479,508,571,9.199998,1.6784744,4084,135,30
651,0.054167155,1541,1491,517,556,9.700005,1.6199734,4105,137,29
652,0.040537056,1570,1463,518,569,8.7,1.6647798,4120,137,30
653,0.042263985,1558,1466,519,566,9.400001,1.726525,4109,133,30
654,0.051434793,1568,1473,527,566,8.700001,1.7613425,4134,134,30
655,0.045820404,1553,1485,521,579,8.299999,1.5731493,4138,140,29
656,0.055471983,1569,1488,529,572,8.800001,1.6156305,4158,140,29
657,0.05190024,1556,1479,513,585,9.099998,1.6715684,4133,136,30
658,0.060525384,1584,1494,516,568,9.099998,1.6620108,4162,139,29
659,0.075626835,1572,1486,535,563,8.900002,1.7064947,4156,136,30
660,0.06949764,1575,1483,528,568,8.4,1.5558954,4154,141,29
661,0.06705713,1558,1481,525,568,9.199999,1.734509,4132,134,30
662,0.06496241,1568,1483,521,563,8.700001,1.6099617,4135,139,29
663,0.065422244,1571,1468,523,549,8.5,1.6803676,4111,135,30
664,0.06959784,1602,1471,533,564,8.800001,1.6465446,4170,143,29
665,0.064804964,1619,1484,529,556,9.500001,1.7701507,4188,138,30
666,0.06811153,1590,1477,513,549,7.999997,1.5779822,4129,139,29
667,0.065263435,1575,1479,529,551,9.299999,1.8045701,4134,133,31
668,0.08223631,1580,1473,526,571,10.200002,1.6611547,4150,139,29
669,0.06311673,1569,1489,522,560,8.800001,1.5491766,4140,140,29
670,0.0740545,1584,1489,528,532,9.199999,1.8221853,4133,134,30
671,0.06433966,1602,1471,523,560,11.200003,1.6531979,4156,138,30
672,0.072368525,1575,1470,513,554,9.299999,1.7884462,4112,133,30
673,0.08175996,1558,1502,528,553,8.599999,1.6252813,4141,136,30
674,0.06433397,1575,1488,528,555,10.600004,1.6446435,4146,139,29
675,0.07250246,1568,1476,533,523,9.900001,1.7459239,4100,132,31
676,0.11151993,1553,1474,539,551,10.200001,1.671069,4117,136,30
677,0.07965053,1574,1511,543,559,10.1,1.7514902,4187,135,31
678,0.09439175,1538,1467,565,539,10.700005,1.7299563,4109,133,30
679,0.082848154,1543,1451,573,549,8.599999,1.6371939,4116,135,30
680,0.09691292,1516,1464,596,554,10.199999,1.89254,4130,129,32
681,0.077925734,1506,1450,603,553,10.400002,1.6697202,4112,137,30
682,0.0804599,1505,1447,611,566,9.0,1.586338,4129,138,29
683,0.069826916,1481,1479,632,571,10.300001,1.758681,4163,134,31
684,0.08663424,1502,1445,629,567,10.100001,1.6394135,4143,139,29
685,0.10133536,1480,1447,636,584,9.299999,1.6782467,4147,136,30
686,0.10043267,1480,1446,631,583,11.200003,1.9639597,4140,130,31
687,0.074638344,1490,1462,639,589,9.700001,1.7256439,4180,137,30
688,0.0855961,1487,1457,613,591,11.200003,1.8719602,4148,131,31
689,0.09249222,1487,1447,624,584,10.800004,1.7480662,4142,134,30
690,0.08977486,1514,1461,613,586,8.900001,1.6732132,4174,138,30
691,0.09521377,1489,1445,581,572,9.5,1.6868831,4087,133,30
692,0.09368261,1499,1471,559,575,9.600002,1.7220011,4104,135,30
693,0.06439105,1556,1484,549,573,9.700003,1.8335633,4162,133,31
694,0.06758721,1566,1487,524,575,10.199999,1.7651947,4152,134,30
695,0.066311955,1570,1465,522,564,9.900002,1.8153332,4121,133,30
696,0.047533922,1589,1462,519,570,9.4,1.6021236,4140,139,29
697,0.048306745,1581,1489,512,572,9.3,1.6957366,4154,135,30
698,0.053815354,1576,1489,510,571,10.000001,1.7018309,4146,138,30
699,0.05351489,1585,1475,514,564,11.800003,1.7745503,4138,133,31
700,0.06804954,1613,1522,521,592,11.400007,1.8010334,4248,137,31
701,0.041554093,1588,1482,507,574,9.600002,1.6198726,4151,139,29
702,0.044367068,1569,1474,503,566,10.000001,1.6611845,4112,136,30
703,0.03675867,1565,1477,507,556,9.900002,1.6387062,4105,135,30
704,0.03438736,1591,1498,502,567,9.900001,1.7334754,4158,134,31
705,0.04245858,1593,1483,512,575,10.2,1.6116236,4163,138,30
706,0.0434251,1594,1502,514,565,9.400003,1.7263446,4175,135,30
707,0.043757305,1594,1498,504,574,9.800003,1.7543625,4170,134,31
708,0.053792175,1597,1473,513,564,11.200006,1.8536513,4147,132,31
709,0.067012586,1589,1478,504,558,10.7,1.8049866,4129,133,31
710,0.058800694,1574,1479,511,559,10.900005,1.8207833,4123,132,31
711,0.05072224,1603,1496,508,573,9.400002,1.7982515,4180,134,31
712,0.04551831,1587,1488,507,571,9.400002,1.7405467,4153,136,30
713,0.04460169,1584,1481,513,552,9.399999,1.6587871,4130,137,30
714,0.050745763,1604,1480,509,558,8.799999,1.7942879,4151,133,31
715,0.051142674,1572,1481,509,560,9.700001,1.8526907,4122,129,31
716,0.049542487,1611,1516,515,569,11.200006,1.735785,4211,137,30
717,0.041689567,1587,1472,514,567,9.5,1.7428232,4140,134,30
718,0.06640175,1556,1492,514,575,10.399999,1.7739645,4137,133,31
719,0.052489482,1574,1495,528,566,10.400002,1.8318495,4163,133,31
720,0.063492335,1552,1473,510,567,10.000002,1.7459996,4102,133,30
721,0.059950165,1568,1494,526,589,9.3,1.6591792,4177,140,29
722,0.07166168,1559,1491,528,575,8.799999,1.6898851,4153,136,30
723,0.06607848,1540,1473,524,560,9.700001,1.7165954,4097,133,30
724,0.06013972,1567,1486,518,581,9.2,1.6551996,4152,138,30
725,0.071871474,1555,1470,515,567,10.200005,1.7282183,4107,136,30
726,0.065393746,1551,1465,533,570,9.200001,1.71068,4119,133,30
727,0.08126692,1550,1483,543,563,8.700001,1.7695075,4139,133,31
728,0.066323146,1553,1464,526,561,9.4,1.6088184,4104,137,29
729,0.07757709,1576,1494,530,565,9.700001,1.9189411,4165,129,32
730,0.0693704,1563,1468,520,558,9.299999,1.7205867,4109,133,30
731,0.048676454,1558,1478,522,571,10.100001,1.8128338,4129,133,31
732,0.040904127,1567,1509,515,564,9.099998,1.7150155,4155,135,30
733,0.050106365,1567,1473,527,561,10.600001,1.8238833,4128,132,31
734,0.048995428,1569,1470,504,579,10.800007,1.7444662,4122,135,30
735,0.03716405,1571,1515,503,582,11.000001,1.638286,4171,139,30
736,0.055525646,1563,1480,506,558,11.800004,1.8700001,4107,130,31
737,0.053967994,1553,1490,504,566,10.700006,1.8600028,4113,131,31
738,0.037832383,1572,1480,508,563,10.600002,1.7161509,4123,134,30
739,0.048052415,1576,1472,504,568,11.500007,1.8474734,4120,132,31
740,0.040080037,1547,1488,507,579,9.700001,1.7049236,4121,134,30
741,0.04283485,1582,1491,518,569,10.100005,1.7563437,4160,135,30
742,0.04111986,1603,1498,520,569,10.100002,1.7622653,4190,134,31
743,0.053063765,1561,1476,517,557,9.099999,1.7087303,4111,135,30
744,0.06825479,1595,1494,530,574,9.699999,1.7188863,4193,136,30
745,0.073148146,1584,1489,532,581,7.5999985,1.5172696,4186,143,29
746,0.083789736,1522,1457,548,570,11.200003,1.8044888,4097,130,31
747,0.07921472,1551,1474,547,579,9.4,1.6608504,4151,136,30
748,0.10128894,1507,1471,561,582,10.100001,1.8282434,4121,130,31
749,0.10654756,1513,1459,578,571,10.000002,1.8078353,4121,130,31
750,0.09130817,1515,1468,592,575,10.300003,1.6558532,4150,138,30
751,0.08180321,1492,1466,606,591,10.000002,1.6054609,4155,140,29
752,0.088214226,1517,1473,583,583,9.2,1.9194404,4156,128,32
753,0.0772808,1508,1446,589,584,9.800001,1.7421833,4127,132,31
754,0.07831545,1494,1464,586,592,10.700003,1.8332186,4136,133,31
755,0.09324752,1509,1457,596,612,10.200003,1.6883781,4174,138,30
756,0.0847265,1489,1426,609,592,9.700002,1.725557,4116,134,30
757,0.074871615,1479,1451,621,590,11.200002,1.6886958,4141,137,30
758,0.068169214,1458,1440,631,580,9.7,1.6859318,4109,136,30
759,0.06397237,1470,1435,645,600,11.4000025,1.7471787,4150,135,30
760,0.065559275,1468,1453,664,582,8.900001,1.6651769,4167,137,30
761,0.062252395,1485,1460,659,588,9.8,1.6722783,4192,137,30
762,0.06261143,1482,1430,640,597,11.500003,1.8656762,4149,130,31
763,0.046043724,1474,1425,653,599,8.299999,1.6064055,4151,137,30
764,0.08732349,1469,1456,641,582,11.900006,1.9560733,4148,129,32
765,0.089987256,1486,1461,631,587,11.100006,1.8959159,4165,131,31
766,0.0683818,1464,1425,627,580,8.9,1.7313696,4096,132,31
767,0.06712577,1479,1432,628,572,11.100004,1.8800514,4111,129,31
768,0.077708565,1477,1466,626,599,11.000003,1.8362978,4168,132,31
769,0.08315298,1468,1453,620,601,9.700001,1.7414273,4142,134,30
770,0.08792171,1489,1443,609,579,11.400005,1.7357502,4120,135,30
771,0.08489989,1512,1438,612,593,10.300001,1.8260388,4155,132,31
772,0.0864336,1519,1427,593,580,9.000002,1.5954579,4119,137,30
773,0.08426744,1529,1466,576,574,10.600003,1.7396355,4145,133,31
774,0.09287516,1548,1481,581,574,8.5,1.6865419,4184,136,30
775,0.07563198,1504,1451,568,578,10.100002,1.7362331,4101,135,30
776,0.08235879,1493,1464,559,589,9.1,1.6943948,4105,134,30
777,0.07734006,1512,1475,572,567,9.199999,1.7749369,4126,133,31
778,0.07286593,1531,1453,582,572,11.300003,1.76834,4138,133,31
779,0.08252703,1509,1459,576,592,9.700001,1.8029959,4136,132,31
780,0.081003,1522,1469,579,581,8.599999,1.7001427,4151,134,30
781,0.07414586,1510,1478,585,585,10.300003,1.8586078,4158,131,31
782,0.08264301,1542,1465,575,582,10.200003,1.8815302,4164,132,31
783,0.09223288,1551,1488,592,591,9.1,1.6726408,4222,138,30
784,0.08769434,1517,1457,574,575,10.300003,1.8895681,4123,129,31
785,0.09819326,1523,1468,568,588,10.800004,1.7233392,4147,135,30
786,0.0741421,1516,1454,549,584,11.200005,1.7434288,4103,133,30
787,0.07241091,1532,1468,532,577,11.100001,1.7161571,4109,135,30
788,0.07243902,1557,1481,542,570,9.7,1.8879012,4150,130,31
789,0.051853348,1562,1500,528,571,10.200001,1.8061259,4161,133,31
790,0.045503333,1576,1479,530,561,10.4000025,1.7305334,4146,135,30
791,0.056433816,1553,1486,531,569,9.8,1.9026071,4139,128,32
792,0.041278396,1571,1500,519,574,11.200006,1.7985324,4164,135,30
793,0.069793805,1550,1468,514,574,9.500003,1.7694814,4106,131,31
794,0.05061102,1556,1467,509,571,10.700005,1.8139874,4103,131,31
795,0.05921742,1557,1493,514,575,9.000001,1.7211865,4139,134,30
796,0.053751666,1619,1520,527,577,9.499999,1.9460741,4243,130,32
797,0.039754417,1554,1480,502,570,10.300005,1.706476,4106,134,30
798,0.04405466,1587,1509,518,583,10.200002,1.7693334,4197,135,31
799,0.036269624,1584,1492,505,589,9.000001,1.6796858,4170,136,30
800,0.039706696,1570,1502,504,579,9.299999,1.7704431,4155,132,31
801,0.054453198,1588,1517,518,556,9.200002,1.6762366,4179,137,30
802,0.030603243,1557,1465,508,551,8.9,1.593627,4081,136,30
803,0.0438905,1575,1486,512,568,11.000002,1.6816206,4141,136,30
804,0.041005313,1598,1480,511,570,8.599999,1.6405121,4159,138,30
805,0.042265706,1568,1501,510,568,9.900002,1.702843,4147,134,30
806,0.05110314,1571,1489,525,560,9.299998,1.6352447,4145,138,30
807,0.039974768,1568,1483,520,581,10.500001,1.7143766,4152,135,30
808,0.059370175,1554,1482,515,565,10.300001,1.7007512,4116,136,30
809,0.05667489,1597,1510,538,589,9.799999,1.6504229,4234,141,30
810,0.07645159,1551,1458,548,562,10.500004,1.7666403,4119,135,30
811,0.07207216,1546,1474,546,586,10.100002,1.6191206,4152,139,29
812,0.06330346,1551,1472,556,560,10.400003,1.776852,4139,134,30
813,0.08437089,1527,1469,550,579,9.800001,1.6687012,4125,138,29
814,0.08221691,1536,1469,550,580,9.199998,1.7621983,4135,132,31
815,0.0806068,1546,1481,590,583,10.300003,1.7194018,4200,137,30
816,0.07804981,1499,1468,593,589,9.200001,1.7296435,4149,136,30
817,0.09704216,1517,1457,607,577,11.800005,1.779724,4158,133,31
818,0.065618895,1486,1458,628,598,8.8,1.7237145,4170,137,30
819,0.064020716,1460,1432,641,597,10.000001,1.8162695,4130,131,31
820,0.0630684,1470,1438,655,591,12.200008,1.8264301,4154,135,30
821,0.029213857,1445,1435,678,603,8.700001,1.5226365,4161,142,29
822,0.037546746,1440,1439,666,610,8.8,1.5914296,4155,139,29
823,0.024525475,1442,1432,674,618,9.099999,1.5516058,4166,141,29
824,0.030442871,1446,1437,661,599,9.000002,1.6820877,4143,135,30
825,0.031172823,1453,1427,681,616,11.400007,1.6517813,4177,138,30
826,0.043037925,1434,1413,672,600,11.000005,1.6191524,4119,138,29
827,0.058265034,1469,1437,655,605,10.200003,1.7798103,4166,133,31
828,0.055429053,1467,1444,645,596,9.700001,1.6740341,4152,136,30
829,0.06962062,1465,1451,633,595,9.6,1.6664547,4144,136,30
830,0.073640086,1525,1482,619,606,10.000002,1.9048891,4232,131,32
831,0.086884886,1524,1471,583,587,10.400002,1.9037913,4165,128,32
832,0.06483291,1521,1452,556,567,9.100002,1.6488258,4096,137,29
833,0.055573445,1527,1455,527,577,9.4,1.717521,4086,134,30
834,0.05402868,1557,1504,535,581,9.900002,1.5680609,4177,141,29
835,0.04596643,1575,1481,511,578,9.400003,1.6442195,4145,139,29
836,0.04973594,1586,1502,523,572,9.7,1.7136006,4183,136,30
837,0.04571439,1562,1476,517,583,11.400007,1.8151737,4138,134,30
838,0.05373618,1580,1482,510,582,10.000006,1.762636,4154,134,31
839,0.029616624,1567,1493,516,567,11.100001,1.582378,4143,139,29
840,0.051157534,1561,1478,511,574,10.300001,1.7496821,4124,134,30
841,0.034448374,1542,1491,502,569,11.200002,1.7152026,4104,135,30
842,0.034217812,1582,1498,512,582,9.599999,1.7044063,4174,135,30
843,0.056919586,1557,1471,515,572,11.300007,1.8036193,4115,133,30
844,0.044058196,1571,1477,513,569,10.700003,1.7906028,4130,133,31
845,0.03691378,1564,1481,511,584,11.100001,1.663476,4140,138,30
846,0.05016557,1552,1474,507,574,8.599998,1.7225446,4107,134,30
847,0.04838502,1539,1474,512,571,9.299998,1.5864966,4096,138,29
848,0.03849855,1584,1488,522,571,9.500002,1.7972602,4165,133,31
849,0.05640491,1568,1489,529,566,10.7,1.7778637,4152,133,31
850,0.054605976,1570,1477,514,576,8.9,1.7121087,4137,135,30
851,0.05576154,1583,1480,526,570,10.200003,1.8345261,4159,131,31
852,0.062456943,1566,1481,548,588,10.300001,1.6499385,4183,140,29
853,0.08095041,1556,1472,557,561,10.400002,1.796066,4146,133,31
854,0.07089277,1529,1470,553,569,10.700005,1.7657582,4121,133,30
855,0.07547483,1529,1462,560,567,10.300003,1.7082789,4118,136,30
856,0.078584835,1529,1468,585,559,10.900004,1.9311982,4141,128,32
857,0.07122887,1523,1495,596,586,8.5,1.650069,4200,140,30
858,0.08544095,1486,1448,575,579,9.500002,1.6180996,4088,137,29
859,0.07260964,1538,1483,589,576,10.200001,1.8248184,4186,133,31
860,0.09457997,1505,1463,595,571,8.599998,1.6829684,4134,136,30
861,0.072756685,1527,1481,592,575,10.300003,1.698273,4175,137,30
862,0.07979101,1523,1461,589,583,11.300002,1.6425871,4156,138,30
863,0.082760826,1504,1452,569,567,10.700001,1.8849196,4092,128,31
864,0.08616135,1521,1475,607,599,10.800002,1.728246,4202,137,30
865,0.07186929,1483,1461,609,568,10.700003,1.7978137,4121,132,31
866,0.076724954,1492,1449,591,569,10.100001,1.8101169,4101,130,31
867,0.074815534,1500,1447,602,576,10.000002,1.7545916,4125,132,31
868,0.06571454,1513,1455,609,578,10.300003,1.7383614,4155,134,31
869,0.07998464,1493,1444,617,590,12.300006,1.8622568,4144,132,31
870,0.067232534,1473,1447,619,566,10.300002,1.8370254,4105,129,31
871,0.096713364,1515,1467,638,593,11.500006,1.9176093,4213,130,32
872,0.062096976,1473,1437,629,582,10.000001,1.6455936,4121,138,29
873,0.07670772,1488,1460,637,582,9.8,1.6894149,4167,136,30
874,0.070072256,1499,1456,639,566,10.700004,1.8136027,4160,133,31
875,0.056979645,1464,1419,622,572,9.800001,1.6456684,4077,135,30
876,0.077726215,1494,1457,634,593,10.900004,1.8742919,4178,132,31
877,0.074666634,1493,1457,642,584,9.6,1.8208549,4176,133,31
878,0.066332474,1499,1454,633,589,11.600002,1.8400699,4175,134,31
879,0.06124249,1462,1450,620,604,10.200001,1.6169225,4136,138,29
880,0.07606513,1485,1459,615,580,10.800003,1.7994418,4139,133,31
881,0.08322144,1506,1447,611,567,11.200002,1.8532294,4131,130,31
882,0.08440411,1492,1459,612,569,9.500001,1.7406074,4132,134,30
883,0.06325807,1523,1477,597,587,10.000002,1.8898873,4184,132,31
884,0.079946995,1503,1462,613,591,9.700001,1.6831595,4169,137,30
885,0.069568805,1517,1469,606,574,11.200002,1.7561427,4166,135,30
886,0.090413615,1524,1459,586,583,10.100001,1.7206862,4152,136,30
887,0.08259985,1499,1466,596,604,9.299999,1.4861684,4165,143,29
888,0.08671697,1520,1487,596,588,11.000003,1.7322094,4191,137,30
889,0.074010976,1535,1459,587,563,9.100001,1.7654421,4144,134,30
890,0.07951513,1498,1424,579,593,8.399999,1.6008041,4094,136,30
891,0.080442555,1524,1465,576,576,9.6,1.6788436,4141,136,30
892,0.07857394,1529,1477,560,583,8.9,1.639911,4149,137,30
893,0.07306287,1530,1490,557,586,10.400003,1.7265888,4163,136,30
894,0.06655789,1535,1450,548,572,10.700004,1.7106193,4105,134,30
895,0.06780532,1545,1464,539,564,9.5,1.6715689,4112,136,30
896,0.062329564,1558,1460,546,566,10.200003,1.8604336,4130,130,31
897,0.064470075,1514,1461,547,567,9.700001,1.6305678,4089,135,30
898,0.06401512,1542,1481,576,566,8.900002,1.6223027,4165,138,30
899,0.06026831,1543,1484,551,570,9.800001,1.7847618,4148,133,31
900,0.061155085,1529,1474,547,551,11.200002,1.844377,4101,129,31
901,0.07325343,1560,1489,550,576,9.800001,1.719878,4175,136,30
902,0.06587954,1566,1453,542,587,10.000002,1.7051084,4148,136,30
903,0.062697046,1540,1470,539,566,9.8,1.8227923,4115,131,31
904,0.0677035,1557,1485,553,571,10.300002,1.648581,4166,137,30
905,0.06647527,1547,1483,540,566,9.900001,1.7220958,4136,136,30
906,0.057267446,1535,1487,530,567,9.4,1.658143,4119,136,30
907,0.06992297,1548,1480,538,561,9.000001,1.8331937,4127,128,32
908,0.05361698,1557,1476,538,561,10.100002,1.8750463,4132,130,31
909,0.06686392,1574,1482,538,581,8.6,1.6817939,4175,138,30
910,0.06046423,1523,1469,532,565,10.600002,1.7060628,4089,133,30
911,0.05821532,1530,1472,539,549,9.700001,1.7060372,4090,133,30
912,0.06502856,1571,1497,541,569,10.700003,1.8040421,4178,133,31
913,0.055859666,1549,1481,545,561,9.199999,1.598015,4136,138,29
914,0.062577106,1554,1459,536,560,9.300002,1.6173984,4109,137,29
915,0.07511337,1571,1502,552,576,10.900003,1.7224686,4201,136,30
916,0.059185084,1568,1485,549,559,9.900002,1.7005503,4161,137,30
917,0.06932735,1535,1479,536,571,9.400002,1.610602,4121,138,29
918,0.06413442,1572,1478,548,562,8.199999,1.6737955,4160,138,30
919,0.058373976,1575,1480,529,561,9.299999,1.7247745,4145,134,30
920,0.05909391,1571,1488,531,566,9.400001,1.7233138,4156,135,30
921,0.05171527,1571,1475,528,562,9.200002,1.6039869,4136,138,29
922,0.052668076,1605,1464,532,555,8.4,1.7212918,4156,134,31
923,0.06166066,1594,1476,528,555,8.9,1.7635664,4153,133,31
924,0.06741704,1547,1468,518,563,9.000001,1.7892556,4096,129,31
925,0.044075064,1560,1477,516,562,9.000002,1.7587095,4115,131,31
926,0.049374517,1575,1484,512,567,10.600002,1.8074646,4138,131,31
927,0.04786823,1591,1465,512,556,10.600004,1.7272038,4124,134,30
928,0.050618347,1583,1478,510,577,8.900002,1.702601,4148,135,30
929,0.04588647,1568,1457,508,557,10.1,1.7333716,4090,135,30
930,0.044348337,1587,1484,511,548,9.700004,1.7121044,4130,135,30
931,0.038972724,1567,1483,507,568,11.100001,1.7870765,4125,133,31
932,0.049610365,1574,1472,508,557,11.500005,1.9038656,4111,130,31
933,0.043389633,1603,1506,517,560,8.5,1.6698023,4186,137,30
934,0.04558077,1580,1494,504,555,10.600004,1.8254758,4133,131,31
935,0.04454285,1591,1471,506,561,10.800002,1.7447301,4129,133,31
936,0.048298847,1582,1495,510,552,9.600004,1.7960596,4139,133,31
937,0.056855433,1584,1493,510,564,10.900001,1.9814721,4151,127,32
938,0.041204166,1583,1467,508,556,10.400002,1.8234787,4114,131,31
939,0.028513495,1596,1481,506,567,8.199999,1.5890095,4150,140,29
940,0.031967703,1591,1495,520,557,9.0,1.7675458,4163,133,31
941,0.04397074,1580,1480,502,562,10.000002,1.9308417,4124,127,32
942,0.02995127,1592,1518,514,572,10.700003,1.6309556,4196,141,29
943,0.031058885,1572,1474,506,544,9.3,1.7384499,4096,133,30
944,0.033270106,1587,1480,514,556,10.000001,1.7357004,4137,134,30
945,0.037232354,1582,1470,509,564,10.700004,1.7328221,4125,136,30
946,0.03218957,1586,1477,507,570,10.400003,1.7469065,4140,135,30
947,0.037858948,1588,1472,517,557,10.8,1.6901767,4134,136,30
948,0.048320852,1572,1472,509,556,12.300011,1.896883,4109,130,31
949,0.04107834,1571,1449,516,557,10.100002,1.7909087,4093,131,31
950,0.042156763,1593,1494,509,563,9.800001,1.7909094,4159,133,31
951,0.043415736,1571,1489,493,566,10.900003,1.7899466,4119,133,30
952,0.024033818,1583,1496,504,569,9.700001,1.6645447,4152,137,30
953,0.0422295,1583,1465,509,552,11.500003,1.7938159,4109,132,31
954,0.048835333,1594,1490,514,566,10.100002,1.7819624,4164,133,31
955,0.019643513,1590,1484,506,572,9.099998,1.614063,4152,138,30
956,0.03908577,1593,1495,513,554,10.300003,1.7233431,4155,134,31
957,0.030990578,1595,1484,519,562,9.700001,1.6945648,4160,136,30
958,0.026216438,1587,1471,514,576,8.699999,1.62859,4148,138,30
959,0.031974595,1591,1506,516,563,9.5,1.7105101,4176,134,31
960,0.03185565,1590,1491,527,558,11.000002,1.81788,4166,133,31
961,0.04228409,1610,1493,528,559,10.000002,1.7008573,4190,136,30
962,0.05126702,1586,1476,524,564,9.900002,1.7219498,4150,137,30
963,0.056371458,1602,1471,532,564,10.500004,1.6769948,4169,137,30
964,0.061268058,1550,1482,539,568,10.100002,1.6746054,4139,136,30
965,0.063806474,1557,1487,555,558,9.599999,1.7521746,4157,135,30
966,0.07731758,1531,1458,561,582,9.4,1.7017642,4132,135,30
967,0.071326666,1525,1480,583,582,10.000001,1.7281994,4170,136,30
968,0.08139117,1490,1455,580,598,10.199999,1.7023742,4123,136,30
969,0.07459126,1494,1452,617,559,9.300001,1.8056505,4122,129,31
970,0.06732467,1498,1452,630,595,10.500004,1.7485487,4175,135,30
971,0.05922646,1452,1451,652,580,10.000001,1.7398281,4135,132,31
972,0.061031982,1467,1421,655,601,11.300005,1.7333711,4144,135,30
973,0.040955335,1455,1436,675,587,8.8,1.5975659,4153,139,29
974,0.052323215,1465,1438,666,590,12.000009,1.7527987,4159,135,30
975,0.048920013,1454,1419,656,593,10.4000025,1.8130497,4122,132,31
976,0.049977735,1456,1425,669,599,8.399999,1.7298362,4149,135,30
977,0.03452973,1460,1457,662,601,11.000002,1.7075813,4180,136,30
978,0.06560455,1477,1443,647,591,10.000005,1.8912679,4158,131,31
979,0.043215007,1447,1430,655,599,9.800001,1.639601,4131,138,29
980,0.06684979,1467,1437,639,590,10.400002,1.8997072,4133,127,32
981,0.046181757,1491,1451,654,587,9.8,1.7123815,4183,137,30
982,0.06154557,1487,1443,629,596,10.000002,1.7643298,4155,133,31
983,0.073985904,1482,1461,652,580,10.600002,1.8146325,4175,133,31
984,0.07782008,1479,1447,621,576,10.9000025,1.7618945,4123,133,31
985,0.064387955,1493,1462,607,599,10.700003,1.730255,4161,134,31
986,0.0756688,1486,1460,610,566,9.900001,1.7550924,4122,132,31
987,0.06773421,1508,1461,615,597,10.300001,1.7410406,4181,135,30
988,0.0682886,1477,1448,620,593,10.000001,1.6173972,4138,138,29
989,0.0721328,1517,1455,602,598,9.800001,1.8064213,4172,132,31
990,0.06788697,1513,1469,592,564,9.6,1.7202488,4138,134,30
991,0.082818605,1506,1476,582,584,10.700005,1.7330261,4148,135,30
992,0.08044997,1508,1444,571,582,10.600002,1.6694497,4105,135,30
993,0.07657837,1491,1453,575,582,10.900003,1.7228944,4101,136,30
994,0.071974106,1500,1452,585,584,9.500002,1.5935913,4121,140,29
995,0.076852396,1512,1466,584,577,10.900001,1.7203168,4139,137,30
996,0.068891555,1537,1462,579,583,10.400002,1.7498894,4161,135,30
997,0.077225216,1512,1461,568,588,9.5,1.6726546,4129,138,29
998,0.0757487,1531,1488,554,599,10.500002,1.7321644,4172,136,30
999,0.09477356,1528,1472,584,582,10.100006,1.7956288,4166,132,31
1000,0.08835169,1517,1479,581,581,10.1,1.7552648,4158,135,30
1001,0.08779352,1499,1455,590,572,9.100002,1.8006297,4116,131,31
1002,0.087596655,1504,1448,590,593,10.200001,1.7610868,4135,135,30
1003,0.08120894,1500,1445,593,582,10.300002,1.7521336,4120,136,30
1004,0.098018624,1508,1474,599,574,9.5,1.7547746,4155,133,31
1005,0.08767564,1500,1446,576,593,11.500006,1.667507,4115,137,30
1006,0.088988915,1508,1460,576,572,10.4000025,1.827452,4116,130,31
1007,0.103104144,1506,1469,599,603,9.900002,1.7346396,4177,135,30
1008,0.09709804,1523,1455,596,595,10.799999,1.7785299,4169,133,31
1009,0.07830983,1500,1441,610,598,10.000002,1.8067462,4149,131,31
1010,0.08123572,1504,1462,618,575,11.200005,1.8805702,4159,133,31
1011,0.07105274,1497,1449,649,598,9.299998,1.7123517,4193,136,30
1012,0.064541765,1486,1432,639,578,10.500004,1.7982802,4135,133,31
1013,0.063818336,1456,1454,641,580,9.8,1.7624518,4131,134,30
1014,0.06467667,1469,1425,645,585,10.900001,1.6589454,4124,137,30
1015,0.06323384,1467,1452,644,590,10.300001,1.7404267,4153,136,30
1016,0.09015483,1471,1449,644,592,11.100006,1.760296,4156,136,30
1017,0.063038215,1476,1428,633,600,9.0,1.747254,4137,132,31
1018,0.072029285,1461,1431,650,612,10.300001,1.655679,4154,137,30
1019,0.061457206,1461,1440,652,601,10.000001,1.6627319,4154,137,30
1020,0.05331833,1455,1446,654,607,9.0,1.5111223,4162,144,28
1021,0.063282624,1435,1416,649,616,9.4,1.5318494,4116,141,29
1022,0.06332269,1455,1426,639,612,9.400001,1.6502882,4132,136,30
1023,0.061664786,1474,1435,652,615,9.800001,1.7795717,4176,133,31
1024,0.06704057,1443,1423,665,599,9.0,1.6311604,4130,138,29
1025,0.069483295,1471,1448,657,620,11.500002,1.7752839,4196,135,31
1026,0.07126462,1453,1424,657,588,11.100006,1.8092656,4122,132,31
1027,0.06113763,1460,1439,654,583,10.900004,1.9290596,4136,129,32
1028,0.09869427,1468,1465,655,575,11.300007,2.023395,4163,126,33
1029,0.047863238,1441,1439,649,582,9.7,1.7489637,4111,131,31
1030,0.056831066,1435,1434,641,586,12.7000065,1.8708236,4096,131,31
1031,0.08951325,1480,1433,664,597,9.599999,1.7762557,4174,133,31
1032,0.054621913,1457,1428,653,604,10.900001,1.7836531,4142,133,31
1033,0.0515774,1444,1432,651,603,10.000001,1.6826612,4130,136,30
1034,0.061998133,1440,1442,663,611,9.8,1.6630629,4156,138,30
1035,0.05260452,1441,1418,663,605,11.300002,1.8446548,4127,131,31
1036,0.055613656,1446,1416,650,604,9.6,1.7506298,4116,134,30
1037,0.058455143,1447,1407,670,611,10.400002,1.7304453,4135,134,30
1038,0.041285872,1449,1439,664,607,10.300002,1.635463,4159,138,30
1039,0.060123008,1443,1428,671,600,10.800003,1.6973903,4142,136,30
1040,0.054429352,1428,1434,650,597,10.300003,1.7807717,4109,132,31
1041,0.06779487,1445,1429,666,609,10.400001,1.6680145,4149,138,30
1042,0.06900854,1467,1430,644,606,10.900003,1.8191198,4147,131,31
1043,0.06905603,1466,1432,634,594,8.999999,1.7182959,4126,135,30
1044,0.0658968,1482,1442,632,610,10.200003,1.8067187,4166,134,31
1045,0.066000484,1493,1481,654,607,9.6,1.7067983,4235,139,30
1046,0.080603465,1471,1422,618,593,11.000001,1.9132044,4104,129,31
1047,0.06735445,1477,1441,618,615,10.600003,1.7586583,4151,134,30
1048,0.08102765,1469,1438,607,595,9.800001,1.8421977,4109,131,31
1049,0.07996032,1480,1438,625,588,10.200001,1.7411745,4131,135,30
1050,0.0755916,1485,1450,621,598,9.299999,1.534254,4154,143,29
1051,0.08517383,1470,1444,610,591,10.4000025,1.6629629,4115,136,30
1052,0.087568246,1509,1439,596,587,10.200003,1.7294576,4131,135,30
1053,0.0918089,1504,1457,593,578,10.7,1.7391801,4132,134,30
1054,0.08306873,1495,1443,585,590,9.499999,1.6684883,4113,135,30
1055,0.08111177,1527,1468,596,582,11.500003,1.5901729,4173,141,29
1056,0.07195445,1545,1473,593,583,10.300001,1.7150432,4194,137,30
1057,0.08503455,1519,1472,568,585,8.399999,1.6398629,4144,138,30
1058,0.088299245,1517,1437,566,590,9.500002,1.6854967,4110,135,30
1059,0.072058894,1482,1429,576,582,9.0,1.7489295,4069,132,30
1060,0.07668266,1508,1463,605,580,12.000006,1.7249734,4156,136,30
1061,0.056409802,1495,1456,599,583,11.600006,1.929758,4133,131,31
1062,0.072663255,1484,1445,610,585,10.7,1.6534168,4124,136,30
1063,0.06733471,1464,1440,620,596,8.999998,1.6656051,4120,136,30
1064,0.06169027,1472,1449,629,610,10.200003,1.7594212,4160,135,30
1065,0.04910744,1482,1462,651,597,8.299999,1.6129268,4192,140,29
1066,0.062400546,1456,1421,637,596,10.400002,1.8499244,4110,131,31
1067,0.051129546,1475,1458,652,597,10.6,1.7887352,4182,135,30
1068,0.03799448,1476,1441,651,597,10.800001,1.8347874,4165,132,31
1069,0.053812407,1472,1438,660,597,11.100004,1.7729045,4167,134,31
1070,0.046099152,1471,1427,659,585,10.399999,1.6600894,4142,137,30
1071,0.04365211,1469,1426,644,595,8.599999,1.5913379,4134,139,29
1072,0.04510312,1481,1443,636,572,9.6,1.832887,4132,129,32
1073,0.0547307,1489,1437,639,594,9.200001,1.6940588,4159,136,30
1074,0.055918198,1478,1437,626,576,11.000002,1.8343425,4117,130,31
1075,0.046306156,1477,1452,627,594,9.700003,1.729516,4150,135,30
1076,0.060579672,1484,1442,605,587,10.500001,1.8385359,4118,130,31
1077,0.08423646,1477,1452,595,588,9.300001,1.7499489,4112,131,31
1078,0.070292994,1503,1461,589,583,10.300003,1.8204765,4136,131,31
1079,0.06937563,1517,1451,561,561,9.6,1.9125154,4090,126,32
1080,0.07276754,1542,1478,556,567,11.500004,1.9238448,4143,130,31
1081,0.055715803,1575,1529,557,570,10.200001,1.7777103,4231,135,31
1082,0.07001112,1539,1517,537,569,8.800001,1.6331791,4162,139,29
1083,0.054115515,1582,1509,526,579,8.799999,1.6866039,4196,137,30
1084,0.036785174,1577,1474,512,577,10.400003,1.8148288,4140,133,31
1085,0.03562542,1549,1492,506,578,8.999999,1.5956829,4125,139,29
1086,0.02934896,1543,1475,510,569,10.600004,1.7202324,4097,132,31
1087,0.031359293,1562,1463,507,555,10.700002,1.6976979,4087,134,30
1088,0.043577526,1586,1492,512,570,10.700005,1.9535798,4160,129,32
1089,0.041281704,1547,1481,498,575,12.100007,1.7036554,4101,133,30
1090,0.03282564,1557,1483,510,562,9.3,1.6457907,4112,136,30
1091,0.082431756,1561,1478,508,570,11.200008,2.030214,4117,126,32
1092,0.037321866,1568,1474,508,564,10.200003,1.805953,4114,133,30
1093,0.047554687,1545,1469,505,555,11.800007,1.7979608,4074,129,31
1094,0.05556238,1560,1488,513,573,11.800009,1.8059244,4134,132,31
1095,0.037652653,1567,1482,513,579,9.699999,1.6998043,4141,136,30
1096,0.05316123,1592,1509,514,581,10.700003,1.8350073,4196,132,31
1097,0.034402978,1561,1494,527,573,10.500002,1.7431988,4155,136,30
1098,0.05633683,1590,1486,515,567,11.4000025,1.8424219,4158,133,31
1099,0.032431673,1565,1510,514,593,10.500002,1.7801744,4182,133,31
1100,0.05328062,1559,1490,513,571,8.699998,1.7394123,4133,133,31
1101,0.053092092,1560,1500,508,570,10.600002,1.7880111,4138,132,31
1102,0.045616195,1560,1506,514,583,10.400003,1.7387916,4163,135,30
1103,0.048984986,1575,1496,527,570,9.900002,1.8511488,4168,131,31
1104,0.035968255,1567,1502,513,570,12.000005,1.8518283,4152,132,31
1105,0.0607053,1560,1466,522,561,10.100002,1.8131642,4109,130,31
1106,0.04317457,1572,1496,525,583,9.300001,1.7625461,4176,135,30
1107,0.051732995,1563,1468,508,576,10.200003,1.7786855,4115,131,31
1108,0.04905705,1580,1506,527,579,10.300003,1.8260952,4192,133,31
1109,0.050884377,1553,1466,523,556,10.400003,1.8352834,4098,130,31
1110,0.03603813,1544,1495,504,581,7.599999,1.6592364,4124,135,30
1111,0.052601833,1595,1493,527,579,9.800003,1.7648755,4194,134,31
1112,0.04994162,1568,1492,529,565,11.4000025,1.722699,4154,135,30
1113,0.053519137,1580,1500,526,579,10.100002,1.7860667,4185,134,31
1114,0.04598263,1560,1479,512,586,10.800003,1.6532491,4137,137,30
1115,0.07507573,1570,1497,523,580,10.200002,1.8420122,4170,131,31
1116,0.068785444,1576,1493,530,574,11.2000065,1.841287,4173,134,31
1117,0.06638531,1548,1499,511,564,11.4000025,1.8495365,4122,131,31
1118,0.052983347,1603,1504,517,569,10.200003,1.7563529,4193,136,30
1119,0.050603636,1565,1468,504,567,10.000001,1.7273612,4104,133,30
1120,0.06308352,1599,1501,523,581,11.300007,1.6917914,4204,140,30
1121,0.063538484,1586,1487,520,563,10.900005,1.8423218,4156,132,31
1122,0.054864045,1553,1467,517,562,11.200004,1.8436427,4099,131,31
1123,0.058761135,1579,1498,528,552,9.800003,1.8838562,4157,130,31
1124,0.055002984,1555,1495,528,557,9.4,1.6441089,4135,137,30
1125,0.07253702,1557,1488,521,573,8.6,1.6590941,4139,136,30
1126,0.06312461,1546,1484,513,565,10.1,1.7559618,4108,133,30
1127,0.063323595,1565,1489,524,565,9.4,1.714818,4143,134,30
1128,0.07162413,1569,1492,515,574,9.700005,1.7849618,4150,132,31
1129,0.053926103,1558,1486,522,566,9.6,1.7423501,4132,135,30
1130,0.0657025,1538,1473,513,572,8.700001,1.7839091,4096,130,31
1131,0.06281328,1558,1508,515,582,9.199999,1.7360057,4163,134,31
1132,0.05739813,1556,1496,514,565,10.000001,1.830402,4131,130,31
1133,0.06499338,1585,1493,520,554,10.800004,1.945976,4152,129,32
1134,0.061891157,1557,1466,519,578,8.599999,1.6535419,4120,135,30
1135,0.066863835,1586,1466,521,551,10.100006,1.7674079,4124,134,30
1136,0.051896617,1562,1492,521,574,11.000004,1.8018535,4149,132,31
1137,0.074368015,1561,1502,519,583,10.200005,1.8629992,4165,131,31
1138,0.0523095,1564,1486,521,576,9.800002,1.7913892,4147,133,31
1139,0.06609243,1562,1502,523,558,9.800004,1.7923257,4145,132,31
1140,0.058670115,1571,1494,524,567,10.100001,1.7740353,4156,134,31
1141,0.05410611,1577,1480,537,576,11.4000025,1.8615807,4170,130,32
1142,0.065946564,1549,1476,517,556,10.100001,1.9296217,4098,128,32
1143,0.059773296,1549,1464,527,571,8.799999,1.6558721,4111,134,30
1144,0.050988022,1584,1508,523,561,11.2000065,1.6554575,4176,137,30
1145,0.04248866,1561,1486,519,565,9.700001,1.7644618,4131,133,31
1146,0.060166284,1580,1496,526,562,10.700002,1.8122458,4164,133,31
1147,0.059162788,1591,1496,517,557,10.4000025,1.9207376,4161,128,32
